<title>{{ TOOL_NAME }}</title>

<section title="USAGE">
        <line command="{{ TOOL_NAME }}">&lt;command&gt;</line>
</section>

<section title="commands">
        <line command="-o">لتعيين ملف الحفظ.</line>
        <line command="-t">لتحديد كلمات المرور&lt;type&gt;</line>
</section>

<section title="types">
        <line command="nums">لإنشاء كلمات مرور رقمية.</line>
        <line command="strings">لإنشاء كلمات مرور نصية.</line>
</section>

<section title="examples">
        <line command="{{ TOOL_NAME }}">-o passwords.txt -t nums 10000 99999</line>
        <line command="{{ TOOL_NAME }}">-o passwords.txt -t strings "abcdef" </line>
</section>
