<title>PSHMode</title>


<section title="USAGE">
    <line command="">&lt;COMMAND&gt;</line>
</section>

<section title="COMMANDS">
    <line command="run">تشغيل أي ملف</line>
    <line command="del">حذف الملفات أو المجلدات</line>
    <line command="size">حساب حجم الملف أو المجلد</line>
    <line command="lsmap">إظهار الملفات والمجلدات كشجرة</line>
    <line command="findall">للبحث عن الملفات والمجلدات</line>
    <line command="ccat">أظهر الكود مع الألوان</line>
    <line command="pyprivate">تشفير أي ملف بايثون</line>
    <line command="chmac">تغيير عنوان ماك</line>
    <line command="network-info">لإظهار معلومات الشبكة</line>
    <line command="text-image">تحويل صورة إلى نص</line>
    <line command="decode">لفك تشفير أي ملف بايثون</line>
    <line command="check-hash">تحقق من نوع التشفير</line>
    <line command="plist">لإنشاء كلمات مرور</line>
    <line command="bstrings">سحب النصوص من الملفات المشفره</line>
    <line command="share-shell">للتحكم بشل اخر عن بعد باستخدام نقروك</line>
    <line command="binary">لفك تشفير وترميز الباينري</line>
</section>

<section title="SHORTCUTS">
    <line command="c">clear</line>
    <line command="l">ls -CF</line>
    <line command="la">ls -a</line>
    <line command="gc">git clone</line>
    <line command="p3i">pip3 install</line>
    <line command="p2i">pip2 install</line>
    <line command="pi">pip install</line>
    <line command="cdSD">cd /sdcard</line>
    <line command="cdDO">cd /sdcard/Download</line>
</section>

<section title="SYSTEM">
    <line command="pshmode-config">للتعديل في متغيرات النظام</line>
    <line command="pshmode-fix">لإصلاح الأخطاء الشائعة</line>
    <line command="exit">لإيقاف الأداة</line>
</section>

<section title="PSHMODE">
    <line command="PSHMode">للتشغيل</line>
    <line command="PSHMode update">للتحديث</line>
    <line command="PSHMode check">للتحقق من البكجات و المكاتب المثبتة</line>
    <line command="PSHMode delete">لمسح الأداة كلياَ من النظام</line>
</section>
